date,close
2014-01-02,1.077
2014-01-03,1.07
2014-01-06,1.04
2014-01-07,1.044
2014-01-08,1.045
2014-01-09,1.035
2014-01-10,1.015
2014-01-13,1.01
2014-01-14,1.028
2014-01-15,1.034
2014-01-16,1.04
2014-01-17,1.026
2014-01-20,1.019
2014-01-21,1.031
2014-01-22,1.062
2014-01-23,1.07
2014-01-24,1.087
2014-01-27,1.086
2014-01-28,1.084
2014-01-29,1.092
2014-01-30,1.086
2014-02-07,1.107
2014-02-10,1.139
2014-02-11,1.142
2014-02-12,1.154
2014-02-13,1.137
2014-02-14,1.156
2014-02-17,1.178
2014-02-18,1.175
2014-02-19,1.176
2014-02-20,1.159
2014-02-21,1.152
2014-02-24,1.147
2014-02-25,1.107
2014-02-26,1.113
2014-02-27,1.098
2014-02-28,1.11
2014-03-03,1.133
2014-03-04,1.132
2014-03-05,1.126
2014-03-06,1.125
2014-03-07,1.121
2014-03-10,1.079
2014-03-11,1.08
2014-03-12,1.08
2014-03-13,1.092
2014-03-14,1.085
2014-03-17,1.109
2014-03-18,1.115
2014-03-19,1.111
2014-03-20,1.083
2014-03-21,1.103
2014-03-24,1.113
2014-03-25,1.113
2014-03-26,1.117
2014-03-27,1.102
2014-03-28,1.078
2014-03-31,1.072
2014-04-01,1.089
2014-04-02,1.09
2014-04-03,1.088
2014-04-04,1.099
2014-04-08,1.112
2014-04-09,1.122
2014-04-10,1.127
2014-04-11,1.122
2014-04-14,1.131
2014-04-15,1.123
2014-04-16,1.122
2014-04-17,1.121
2014-04-18,1.126
2014-04-21,1.107
2014-04-22,1.101
2014-04-23,1.096
2014-04-24,1.085
2014-04-25,1.061
2014-04-28,1.029
2014-04-29,1.043
2014-04-30,1.051
2014-05-05,1.06
2014-05-06,1.064
2014-05-07,1.047
2014-05-08,1.048
2014-05-09,1.038
2014-05-12,1.065
2014-05-13,1.063
2014-05-14,1.06
2014-05-15,1.043
2014-05-16,1.041
2014-05-19,1.033
2014-05-20,1.038
2014-05-21,1.047
2014-05-22,1.047
2014-05-23,1.06
2014-05-26,1.071
2014-05-27,1.067
2014-05-28,1.08
2014-05-29,1.068
2014-05-30,1.071
2014-06-03,1.068
2014-06-04,1.06
2014-06-05,1.072
2014-06-06,1.069
2014-06-09,1.061
2014-06-10,1.075
2014-06-11,1.08
2014-06-12,1.078
2014-06-13,1.09
2014-06-16,1.095
2014-06-17,1.086
2014-06-18,1.081
2014-06-19,1.051
2014-06-20,1.061
2014-06-23,1.069
2014-06-24,1.076
2014-06-25,1.07
2014-06-26,1.084
2014-06-27,1.09
2014-06-30,1.101
2014-07-01,1.109
2014-07-02,1.117
2014-07-03,1.128
2014-07-04,1.125
2014-07-07,1.127
2014-07-08,1.135
2014-07-09,1.118
2014-07-10,1.117
2014-07-11,1.132
2014-07-14,1.148
2014-07-15,1.15
2014-07-16,1.141
2014-07-17,1.133
2014-07-18,1.135
2014-07-21,1.132
2014-07-22,1.148
2014-07-23,1.14
2014-07-24,1.139
2014-07-25,1.149
2014-07-28,1.169
2014-07-29,1.18
2014-07-30,1.182
2014-07-31,1.196
2014-08-01,1.185
2014-08-04,1.201
2014-08-05,1.206
2014-08-06,1.215
2014-08-07,1.204
2014-08-08,1.21
2014-08-11,1.229
2014-08-12,1.236
2014-08-13,1.236
2014-08-14,1.228
2014-08-15,1.243
2014-08-18,1.261
2014-08-19,1.264
2014-08-20,1.264
2014-08-21,1.262
2014-08-22,1.27
2014-08-25,1.26
2014-08-26,1.24
2014-08-27,1.241
2014-08-28,1.23
2014-08-29,1.245
2014-09-01,1.266
2014-09-02,1.286
2014-09-03,1.296
2014-09-04,1.305
2014-09-05,1.311
2014-09-09,1.321
2014-09-10,1.323
2014-09-11,1.321
2014-09-12,1.337
2014-09-15,1.349
2014-09-16,1.305
2014-09-17,1.316
2014-09-18,1.325
2014-09-19,1.337
2014-09-22,1.318
2014-09-23,1.336
2014-09-24,1.354
2014-09-25,1.352
2014-09-26,1.357
2014-09-29,1.372
2014-09-30,1.381
2014-10-08,1.405
2014-10-09,1.406
2014-10-10,1.399
2014-10-13,1.4
2014-10-14,1.394
2014-10-15,1.4
2014-10-16,1.379
2014-10-17,1.365
2014-10-20,1.384
2014-10-21,1.371
2014-10-22,1.354
2014-10-23,1.337
2014-10-24,1.341
2014-10-27,1.351
2014-10-28,1.383
2014-10-29,1.404
2014-10-30,1.401
2014-10-31,1.402
2014-11-03,1.413
2014-11-04,1.405
2014-11-05,1.403
2014-11-06,1.413
2014-11-07,1.398
2014-11-10,1.413
2014-11-11,1.37
2014-11-12,1.393
2014-11-13,1.382
2014-11-14,1.378
2014-11-17,1.393
2014-11-18,1.392
2014-11-19,1.399
2014-11-20,1.397
2014-11-21,1.413
2014-11-24,1.436
2014-11-25,1.457
2014-11-26,1.462
2014-11-27,1.474
2014-11-28,1.469
2014-12-01,1.462
2014-12-02,1.481
2014-12-03,1.5
2014-12-04,1.53
2014-12-05,1.499
2014-12-08,1.519
2014-12-09,1.457
2014-12-10,1.514
2014-12-11,1.533
2014-12-12,1.542
2014-12-15,1.567
2014-12-16,1.57
2014-12-17,1.558
2014-12-18,1.562
2014-12-19,1.548
2014-12-22,1.489
2014-12-23,1.456
2014-12-24,1.475
2014-12-25,1.504
2014-12-26,1.519
2014-12-29,1.496
2014-12-30,1.47
2014-12-31,1.489
2015-01-05,1.513
2015-01-06,1.536
2015-01-07,1.537
2015-01-08,1.523
2015-01-09,1.515
2015-01-12,1.493
2015-01-13,1.514
2015-01-14,1.508
2015-01-15,1.533
2015-01-16,1.547
2015-01-19,1.48
2015-01-20,1.532
2015-01-21,1.57
2015-01-22,1.596
2015-01-23,1.581
2015-01-26,1.615
2015-01-27,1.619
2015-01-28,1.611
2015-01-29,1.601
2015-01-30,1.582
2015-02-02,1.575
2015-02-03,1.604
2015-02-04,1.596
2015-02-05,1.585
2015-02-06,1.554
2015-02-09,1.545
2015-02-10,1.564
2015-02-11,1.581
2015-02-12,1.594
2015-02-13,1.619
2015-02-16,1.651
2015-02-17,1.659
2015-02-25,1.655
2015-02-26,1.675
2015-02-27,1.692
2015-03-02,1.728
2015-03-03,1.716
2015-03-04,1.749
2015-03-05,1.745
2015-03-06,1.72
2015-03-09,1.749
2015-03-10,1.759
2015-03-11,1.758
2015-03-12,1.756
2015-03-13,1.778
2015-03-16,1.835
2015-03-17,1.86
2015-03-18,1.889
2015-03-19,1.908
2015-03-20,1.925
2015-03-23,1.999
2015-03-24,1.981
2015-03-25,1.999
2015-03-26,1.983
2015-03-27,2.015
2015-03-30,2.05
2015-03-31,2.042
2015-04-01,2.095
2015-04-02,2.132
2015-04-03,2.164
2015-04-07,2.219
2015-04-08,2.187
2015-04-09,2.176
2015-04-10,2.243
2015-04-13,2.243
2015-04-14,2.243
2015-04-15,2.1916
2015-04-16,2.2109
2015-04-17,2.2261
2015-04-20,2.1924
2015-04-21,2.2706
2015-04-22,2.3407
2015-04-23,2.3556
2015-04-24,2.3637
2015-04-27,2.3895
2015-04-28,2.318
2015-04-29,2.3685
2015-04-30,2.3836
2015-05-04,2.3999
2015-05-05,2.3099
2015-05-06,2.2704
2015-05-07,2.2227
2015-05-08,2.3211
2015-05-11,2.4428
2015-05-12,2.4713
2015-05-13,2.4941
2015-05-14,2.4842
2015-05-15,2.4702
2015-05-18,2.517
2015-05-19,2.581
2015-05-20,2.6247
2015-05-21,2.7438
2015-05-22,2.7811
2015-05-25,2.8316
2015-05-26,2.9443
2015-05-27,2.9768
2015-05-28,2.7845
2015-05-29,2.8414
2015-06-01,3.0213
2015-06-02,3.1015
2015-06-03,3.0805
2015-06-04,3.0864
2015-06-05,3.1587
2015-06-08,3.0953
2015-06-09,3.113
2015-06-10,3.1649
2015-06-11,3.2237
2015-06-12,3.2798
2015-06-15,3.2052
2015-06-16,3.0794
2015-06-17,3.148
2015-06-18,3.0398
2015-06-19,2.8428
2015-06-23,2.8422
2015-06-24,2.8868
2015-06-25,2.7968
2015-06-26,2.517
2015-06-29,2.3699
2015-06-30,2.5496
2015-07-01,2.3441
2015-07-02,2.2426
2015-07-03,2.0769
2015-07-06,2.0769
2015-07-07,1.9149
2015-07-08,1.7234
2015-07-09,1.8958
2015-07-10,2.0853
2015-07-13,2.2939
2015-07-14,2.2106
2015-07-15,2.0189
2015-07-16,2.1277
2015-07-17,2.2642
2015-07-20,2.2746
2015-07-21,2.3116
2015-07-22,2.3427
2015-07-23,2.4251
2015-07-24,2.3746
2015-07-27,2.1666
2015-07-28,2.1588
2015-07-29,2.2841
2015-07-30,2.2017
2015-07-31,2.1776
2015-08-03,2.1044
2015-08-04,2.2589
2015-08-05,2.212
2015-08-06,2.1983
2015-08-07,2.2715
2015-08-10,2.3985
2015-08-11,2.3901
2015-08-12,2.3508
2015-08-13,2.4086
2015-08-14,2.4315
2015-08-17,2.5005
2015-08-18,2.2872
2015-08-19,2.3643
2015-08-20,2.2718
2015-08-21,2.1579
2015-08-24,1.9421
2015-08-25,1.7478
2015-08-26,1.7481
2015-08-27,1.8221
2015-08-28,1.9317
2015-08-31,1.856
2015-09-01,1.7285
2015-09-02,1.685
2015-09-07,1.7262
2015-09-08,1.8207
2015-09-09,1.8731
2015-09-10,1.8246
2015-09-11,1.8387
2015-09-14,1.6814
2015-09-15,1.5981
2015-09-16,1.7355
2015-09-17,1.6943
2015-09-18,1.717
2015-09-21,1.7921
2015-09-22,1.7845
2015-09-23,1.7582
2015-09-24,1.7826
2015-09-25,1.7156
2015-09-28,1.7635
2015-09-29,1.745
2015-09-30,1.7467
2015-10-08,1.819
2015-10-09,1.8403
2015-10-12,1.9197
2015-10-13,1.937
2015-10-14,1.9208
2015-10-15,1.9923
2015-10-16,2.0125
2015-10-19,2.0239
2015-10-20,2.0438
2015-10-21,1.9253
2015-10-22,1.9931
2015-10-23,2.0464
2015-10-26,2.0453
2015-10-27,2.0635
2015-10-28,2.006
2015-10-29,2.0284
2015-10-30,2.0267
2015-11-02,1.9858
2015-11-03,1.9763
2015-11-04,2.1058
2015-11-05,2.0996
2015-11-06,2.1509
2015-11-09,2.1762
2015-11-10,2.1776
2015-11-11,2.2207
2015-11-12,2.2275
2015-11-13,2.1818
2015-11-16,2.2367
2015-11-17,2.2003
2015-11-18,2.1666
2015-11-19,2.2367
2015-11-20,2.2561
2015-11-23,2.2314
2015-11-24,2.258
2015-11-25,2.2894
2015-11-26,2.2684
2015-11-27,2.1327
2015-11-30,2.1308
2015-12-01,2.1448
2015-12-02,2.1456
2015-12-03,2.1823
2015-12-04,2.1543
2015-12-07,2.1905
2015-12-08,2.1378
2015-12-09,2.1209
2015-12-10,2.1134
2015-12-11,2.0994
2015-12-14,2.1459
2015-12-15,2.1523
2015-12-16,2.1697
2015-12-17,2.2325
2015-12-18,2.2179
2015-12-21,2.249
2015-12-22,2.269
2015-12-23,2.2392
2015-12-24,2.2398
2015-12-25,2.2496
2015-12-28,2.1955
2015-12-29,2.2188
2015-12-30,2.2359
2015-12-31,2.1972
2016-01-04,2.0161
2016-01-05,1.9965
2016-01-06,2.0385
2016-01-07,1.8563
2016-01-08,1.893
2016-01-11,1.7714
2016-01-12,1.7686
2016-01-13,1.7136
2016-01-14,1.7711
2016-01-15,1.703
2016-01-18,1.7274
2016-01-19,1.7826
2016-01-20,1.768
2016-01-21,1.7072
2016-01-22,1.7296
2016-01-25,1.7425
2016-01-26,1.6351
2016-01-27,1.595
2016-01-28,1.5283
2016-01-29,1.5819
2016-02-01,1.5642
2016-02-02,1.6194
2016-02-03,1.6278
2016-02-04,1.655
2016-02-05,1.6435
2016-02-15,1.6461
2016-02-16,1.7139
2016-02-17,1.7307
2016-02-18,1.7223
2016-02-19,1.729
2016-02-22,1.7672
2016-02-23,1.7585
2016-02-24,1.7669
2016-02-25,1.6228
2016-02-26,1.6374
2016-02-29,1.5362
2016-03-01,1.5816
2016-03-02,1.6679
2016-03-03,1.6665
2016-03-04,1.6172
2016-03-07,1.6629
2016-03-08,1.673
2016-03-09,1.6264
2016-03-10,1.5973
2016-03-11,1.597
2016-03-14,1.6578
2016-03-15,1.6354
2016-03-16,1.6175
2016-03-17,1.6705
2016-03-18,1.7369
2016-03-21,1.7725
2016-03-22,1.7641
2016-03-23,1.7809
2016-03-24,1.7453
2016-03-25,1.7674
2016-03-28,1.7526
2016-03-29,1.7223
2016-03-30,1.805
2016-03-31,1.7907
2016-04-01,1.7848
2016-04-05,1.826
2016-04-06,1.8373
2016-04-07,1.8148
2016-04-08,1.7983
2016-04-11,1.8305
2016-04-12,1.8218
2016-04-13,1.8507
2016-04-14,1.863
2016-04-15,1.8605
2016-04-18,1.8286
2016-04-19,1.8319
2016-04-20,1.7512
2016-04-21,1.7372
2016-04-22,1.7475
2016-04-25,1.7389
2016-04-26,1.7616
2016-04-27,1.7526
2016-04-28,1.7383
2016-04-29,1.7408
2016-05-03,1.7966
2016-05-04,1.7966
2016-05-05,1.8092
2016-05-06,1.738
2016-05-09,1.6747
2016-05-10,1.6693
2016-05-11,1.6663
2016-05-12,1.6668
2016-05-13,1.6612
2016-05-16,1.6912
2016-05-17,1.6887
2016-05-18,1.6421
2016-05-19,1.6503
2016-05-20,1.6724
2016-05-23,1.6906
2016-05-24,1.6749
2016-05-25,1.6649
2016-05-26,1.673
2016-05-27,1.6744
2016-05-30,1.6668
2016-05-31,1.7403
2016-06-01,1.7408
2016-06-02,1.7551
2016-06-03,1.7658
2016-06-06,1.77
2016-06-07,1.7683
2016-06-08,1.7632
2016-06-13,1.6783
2016-06-14,1.6859
2016-06-15,1.74
2016-06-16,1.7332
2016-06-17,1.7467
2016-06-20,1.7489
2016-06-21,1.7282
2016-06-22,1.761
2016-06-23,1.7512
2016-06-24,1.7257
2016-06-27,1.7753
2016-06-28,1.7918
2016-06-29,1.7921
2016-06-30,1.7932
2016-07-01,1.7907
2016-07-04,1.8263
2016-07-05,1.8356
2016-07-06,1.8465
2016-07-07,1.8538
2016-07-08,1.8465
2016-07-11,1.8513
2016-07-12,1.8745
2016-07-13,1.8877
2016-07-14,1.8942
2016-07-15,1.8897
2016-07-18,1.8821
2016-07-19,1.8815
2016-07-20,1.8785
2016-07-21,1.8874
2016-07-22,1.8754
2016-07-25,1.8782
2016-07-26,1.9048
2016-07-27,1.8207
2016-07-28,1.8294
2016-07-29,1.8165
2016-08-01,1.7893
2016-08-02,1.8067
2016-08-03,1.8129
2016-08-04,1.8238
2016-08-05,1.8179
2016-08-08,1.8431
2016-08-09,1.8616
2016-08-10,1.8524
2016-08-11,1.8218
2016-08-12,1.8476
2016-08-15,1.886
2016-08-16,1.8947
2016-08-17,1.8992
2016-08-18,1.8998
2016-08-19,1.9
2016-08-22,1.879
2016-08-23,1.8835
2016-08-24,1.8846
2016-08-25,1.872
2016-08-26,1.8813
2016-08-29,1.8846
2016-08-30,1.8835
2016-08-31,1.8866
2016-09-01,1.8689
2016-09-02,1.86
2016-09-05,1.8731
2016-09-06,1.9068
2016-09-07,1.9023
2016-09-08,1.9129
2016-09-09,1.8944
2016-09-12,1.8426
2016-09-13,1.8507
2016-09-14,1.8389
2016-09-19,1.8614
2016-09-20,1.8577
2016-09-21,1.863
2016-09-22,1.8731
2016-09-23,1.87
2016-09-26,1.8342
2016-09-27,1.8445
2016-09-28,1.8423
2016-09-29,1.8521
2016-09-30,1.8597
2016-10-10,1.8953
2016-10-11,1.9012
2016-10-12,1.8998
2016-10-13,1.902
2016-10-14,1.8984
2016-10-17,1.8838
2016-10-18,1.9118
2016-10-19,1.9034
2016-10-20,1.9045
2016-10-21,1.9017
2016-10-24,1.9166
2016-10-25,1.9236
2016-10-26,1.9155
2016-10-27,1.9118
2016-10-28,1.8972
2016-10-31,1.8905
2016-11-01,1.9104
2016-11-02,1.8914
2016-11-03,1.9006
2016-11-04,1.8947
2016-11-07,1.8961
2016-11-08,1.9087
2016-11-09,1.8911
2016-11-10,1.9191
2016-11-11,1.9342
2016-11-14,1.9382
2016-11-15,1.9452
2016-11-16,1.9471
2016-11-17,1.9474
2016-11-18,1.9384
2016-11-21,1.9382
2016-11-22,1.9555
2016-11-23,1.9435
2016-11-24,1.9398
2016-11-25,1.9494
2016-11-28,1.9547
2016-11-29,1.9435
2016-11-30,1.9317
2016-12-01,1.9429
2016-12-02,1.9121
2016-12-05,1.8995
2016-12-06,1.902
2016-12-07,1.9247
2016-12-08,1.9152
2016-12-09,1.9101
2016-12-12,1.833
2016-12-13,1.8384
2016-12-14,1.8272
2016-12-15,1.8387
2016-12-16,1.8504
2016-12-19,1.8518
2016-12-20,1.844
2016-12-21,1.8591
2016-12-22,1.856
2016-12-23,1.8429
2016-12-26,1.8437
2016-12-27,1.8471
2016-12-28,1.8387
2016-12-29,1.8375
2016-12-30,1.837
2017-01-03,1.8529
2017-01-04,1.8757
2017-01-05,1.8748
2017-01-06,1.8661
2017-01-09,1.8804
2017-01-10,1.8734
2017-01-11,1.8586
2017-01-12,1.8358
2017-01-13,1.8157
2017-01-16,1.7641
2017-01-17,1.7795
2017-01-18,1.7806
2017-01-19,1.7745
2017-01-20,1.7972
2017-01-23,1.8145
2017-01-24,1.8067
2017-01-25,1.8137
2017-01-26,1.826
2017-02-03,1.8202
2017-02-06,1.8358
2017-02-07,1.833
2017-02-08,1.8454
2017-02-09,1.8543
2017-02-10,1.8583
2017-02-13,1.8656
2017-02-14,1.867
2017-02-15,1.8496
2017-02-16,1.8616
2017-02-17,1.8487
2017-02-20,1.8729
2017-02-21,1.8874
2017-02-22,1.8961
2017-02-23,1.8989
2017-02-24,1.8995
2017-02-27,1.8838
2017-02-28,1.8902
2017-03-01,1.8964
2017-03-02,1.8874
2017-03-03,1.8914
2017-03-06,1.9093
2017-03-07,1.9143
2017-03-08,1.9073
2017-03-09,1.8846
2017-03-10,1.8905
2017-03-13,1.911
2017-03-14,1.902
2017-03-15,1.9003
2017-03-16,1.9174
2017-03-17,1.8984
2017-03-20,1.9045
2017-03-21,1.9127
2017-03-22,1.9056
2017-03-23,1.9096
2017-03-24,1.9216
2017-03-27,1.9101
2017-03-28,1.9059
2017-03-29,1.8995
2017-03-30,1.8709
2017-03-31,1.8745
2017-04-05,1.9227
2017-04-06,1.9222
2017-04-07,1.9256
2017-04-10,1.9236
2017-04-11,1.9452
2017-04-12,1.93
2017-04-13,1.9413
2017-04-14,1.9155
2017-04-17,1.8939
2017-04-18,1.8852
2017-04-19,1.863
2017-04-20,1.8622
2017-04-21,1.8507
2017-04-24,1.8008
2017-04-25,1.8064
2017-04-26,1.8098
2017-04-27,1.8162
2017-04-28,1.8224
2017-05-02,1.8204
2017-05-03,1.819
2017-05-04,1.8103
2017-05-05,1.7896
2017-05-08,1.7565
2017-05-09,1.7632
2017-05-10,1.7302
2017-05-11,1.7251
2017-05-12,1.7204
2017-05-15,1.729
2017-05-16,1.7652
2017-05-17,1.77
2017-05-18,1.7534
2017-05-19,1.7529
2017-05-22,1.7271
2017-05-23,1.696
2017-05-24,1.7033
2017-05-25,1.7161
2017-05-26,1.7176
2017-05-31,1.708
2017-06-01,1.6775
2017-06-02,1.6962
2017-06-05,1.7063
2017-06-06,1.7142
2017-06-07,1.7515
2017-06-08,1.7506
2017-06-09,1.7568
2017-06-12,1.7352
2017-06-13,1.7599
2017-06-14,1.754
2017-06-15,1.7697
2017-06-16,1.7686
2017-06-19,1.7815
2017-06-20,1.7868
2017-06-21,1.7899
2017-06-22,1.7644
2017-06-23,1.7697
2017-06-26,1.8019
2017-06-27,1.7972
2017-06-28,1.7916
2017-06-29,1.8022
2017-06-30,1.8078
2017-07-03,1.8199
2017-07-04,1.8123
2017-07-05,1.8235
2017-07-06,1.8235
2017-07-07,1.835
2017-07-10,1.8288
2017-07-11,1.8087
2017-07-12,1.8061
2017-07-13,1.8081
2017-07-14,1.8033
2017-07-17,1.7327
2017-07-18,1.7484
2017-07-19,1.7876
2017-07-20,1.796
2017-07-21,1.8025
2017-07-24,1.8165
2017-07-25,1.8159
2017-07-26,1.8126
2017-07-27,1.8241
2017-07-28,1.8342
2017-07-31,1.8594
2017-08-01,1.8543
2017-08-02,1.8459
2017-08-03,1.8468
2017-08-04,1.8361
2017-08-07,1.8622
2017-08-08,1.8602
2017-08-09,1.8726
2017-08-10,1.8572
2017-08-11,1.8224
2017-08-14,1.8594
2017-08-15,1.8605
2017-08-16,1.8628
2017-08-17,1.8813
2017-08-18,1.8731
2017-08-21,1.8914
2017-08-22,1.8838
2017-08-23,1.8692
2017-08-24,1.8555
2017-08-25,1.8751
2017-08-28,1.8964
2017-08-29,1.89
2017-08-30,1.9031
2017-08-31,1.9096
2017-09-01,1.9292
2017-09-04,1.937
2017-09-05,1.9384
2017-09-06,1.9491
2017-09-07,1.9348
2017-09-08,1.941
2017-09-11,1.9645
2017-09-12,1.96
2017-09-13,1.9732
2017-09-14,1.969
2017-09-15,1.9539
2017-09-18,1.9724
2017-09-19,1.9555
2017-09-20,1.9757
2017-09-21,1.9527
2017-09-22,1.9382
2017-09-25,1.9146
2017-09-26,1.923
2017-09-27,1.9404
2017-09-28,1.941
2017-09-29,1.9527
2017-10-09,1.9732
2017-10-10,1.9797
2017-10-11,1.9687
2017-10-12,1.9651
2017-10-13,1.9805
2017-10-16,1.9519
2017-10-17,1.9488
2017-10-18,1.939
2017-10-19,1.9194
2017-10-20,1.9387
2017-10-23,1.9519
2017-10-24,1.9499
2017-10-25,1.9609
2017-10-26,1.9642
2017-10-27,1.96
2017-10-30,1.9199
2017-10-31,1.934
2017-11-01,1.9292
2017-11-02,1.9101
2017-11-03,1.8933
2017-11-06,1.9197
2017-11-07,1.9309
2017-11-08,1.9345
2017-11-09,1.9505
2017-11-10,1.9567
2017-11-13,1.9654
2017-11-14,1.9511
2017-11-15,1.9272
2017-11-16,1.9323
2017-11-17,1.881
2017-11-20,1.8953
2017-11-21,1.9031
2017-11-22,1.895
2017-11-23,1.8479
2017-11-24,1.8515
2017-11-27,1.8269
2017-11-28,1.8558
2017-11-29,1.8616
2017-11-30,1.849
2017-12-01,1.8616
2017-12-04,1.851
2017-12-05,1.8106
2017-12-06,1.8187
2017-12-07,1.8078
2017-12-08,1.8277
2017-12-11,1.8546
2017-12-12,1.8387
2017-12-13,1.8546
2017-12-14,1.8588
2017-12-15,1.844
2017-12-18,1.83
2017-12-19,1.8443
2017-12-20,1.8302
2017-12-21,1.8406
2017-12-22,1.8406
2017-12-25,1.8238
2017-12-26,1.8358
2017-12-27,1.819
2017-12-28,1.8286
2017-12-29,1.8471
2018-01-02,1.8717
2018-01-03,1.8838
2018-01-04,1.8911
2018-01-05,1.8944
2018-01-08,1.9031
2018-01-09,1.9014
2018-01-10,1.8919
2018-01-11,1.8964
2018-01-12,1.8869
2018-01-15,1.8465
2018-01-16,1.8563
2018-01-17,1.8457
2018-01-18,1.8527
2018-01-19,1.8473
2018-01-22,1.8709
2018-01-23,1.8734
2018-01-24,1.8877
2018-01-25,1.8849
2018-01-26,1.8866
2018-01-29,1.8622
2018-01-30,1.8619
2018-01-31,1.8224
2018-02-01,1.7677
2018-02-02,1.7669
2018-02-05,1.7638
2018-02-06,1.6839
2018-02-07,1.6859
2018-02-08,1.7007
2018-02-09,1.636
2018-02-12,1.6803
2018-02-13,1.6906
2018-02-14,1.6962
2018-02-22,1.7316
2018-02-23,1.7341
2018-02-26,1.7809
2018-02-27,1.7728
2018-02-28,1.7733
2018-03-01,1.7977
2018-03-02,1.789
2018-03-05,1.7868
2018-03-06,1.8109
2018-03-07,1.7938
2018-03-08,1.8101
2018-03-09,1.8344
2018-03-12,1.8543
2018-03-13,1.8457
2018-03-14,1.8221
2018-03-15,1.8187
2018-03-16,1.8087
2018-03-19,1.8157
2018-03-20,1.8165
2018-03-21,1.8016
2018-03-22,1.8014
2018-03-23,1.7077
2018-03-26,1.7419
2018-03-27,1.7815
2018-03-28,1.7613
2018-03-29,1.7798
2018-03-30,1.8033
2018-04-02,1.8008
2018-04-03,1.7865
2018-04-04,1.7719
2018-04-09,1.7747
2018-04-10,1.7885
2018-04-11,1.7916
2018-04-12,1.782
2018-04-13,1.7761
2018-04-16,1.7708
2018-04-17,1.7391
2018-04-18,1.7582
2018-04-19,1.7666
2018-04-20,1.7355
2018-04-23,1.7167
2018-04-24,1.7532
2018-04-25,1.7548
2018-04-26,1.7234
2018-04-27,1.731
2018-05-02,1.7265
2018-05-03,1.7433
2018-05-04,1.7422
2018-05-07,1.7759
2018-05-08,1.7843
2018-05-09,1.7773
2018-05-10,1.7845
2018-05-11,1.7705
2018-05-14,1.7621
2018-05-15,1.7789
2018-05-16,1.7745
2018-05-17,1.7632
2018-05-18,1.7745
2018-05-21,1.7944
2018-05-22,1.8016
2018-05-23,1.7778
2018-05-24,1.7722
2018-05-25,1.7487
2018-05-28,1.7453
2018-05-29,1.7234
2018-05-30,1.6839
2018-05-31,1.7038
2018-06-01,1.6839
2018-06-04,1.6836
2018-06-05,1.7122
2018-06-06,1.7105
2018-06-07,1.7013
2018-06-08,1.6805
2018-06-11,1.6702
2018-06-12,1.6839
2018-06-13,1.6601
2018-06-14,1.6573
2018-06-15,1.6278
2018-06-19,1.5247
2018-06-20,1.5381
2018-06-21,1.511
2018-06-22,1.5306
2018-06-25,1.5166
2018-06-26,1.5297
2018-06-27,1.509
2018-06-28,1.4978
2018-06-29,1.5505
2018-07-02,1.5255
2018-07-03,1.5415
2018-07-04,1.5205
2018-07-05,1.4801
2018-07-06,1.4807
2018-07-09,1.5188
2018-07-10,1.5269
2018-07-11,1.4981
2018-07-12,1.5418
2018-07-13,1.5457
2018-07-16,1.5474
2018-07-17,1.5421
2018-07-18,1.5348
2018-07-19,1.5219
2018-07-20,1.5407
2018-07-23,1.5522
2018-07-24,1.5782
2018-07-25,1.5785
2018-07-26,1.5693
2018-07-27,1.5611
2018-07-30,1.5376
2018-07-31,1.5409
2018-08-01,1.5168
2018-08-02,1.4818
2018-08-03,1.4675
2018-08-06,1.4367
2018-08-07,1.4723
2018-08-08,1.4535
2018-08-09,1.4902
2018-08-10,1.4964
2018-08-13,1.5056
2018-08-14,1.4981
2018-08-15,1.4683
2018-08-16,1.4554
2018-08-17,1.4294
2018-08-20,1.4375
2018-08-21,1.4521
2018-08-22,1.4426
2018-08-23,1.4496
2018-08-24,1.4442
2018-08-27,1.4801
2018-08-28,1.4818
2018-08-29,1.4742
2018-08-30,1.4521
2018-08-31,1.4361
2018-09-03,1.4428
2018-09-04,1.4532
2018-09-05,1.4344
2018-09-06,1.428
2018-09-07,1.4257
2018-09-10,1.4039
2018-09-11,1.4019
2018-09-12,1.3974
2018-09-13,1.4053
2018-09-14,1.3904
2018-09-17,1.3736
2018-09-18,1.3938
2018-09-19,1.4103
2018-09-20,1.41
2018-09-21,1.4369
2018-09-25,1.4291
2018-09-26,1.4319
2018-09-27,1.417
2018-09-28,1.4358
2018-10-08,1.3854
2018-10-09,1.3812
2018-10-10,1.3809
2018-10-11,1.2766
2018-10-12,1.2716
2018-10-15,1.2497
2018-10-16,1.2264
2018-10-17,1.2317
2018-10-18,1.2046
2018-10-19,1.2295
2018-10-22,1.3013
2018-10-23,1.2699
2018-10-24,1.2662
2018-10-25,1.2659
2018-10-26,1.2598
2018-10-29,1.2446
2018-10-30,1.2561
2018-10-31,1.2752
2018-11-01,1.2842
2018-11-02,1.3315
2018-11-05,1.3248
2018-11-06,1.3273
2018-11-07,1.3147
2018-11-08,1.306
2018-11-09,1.3066
2018-11-12,1.3408
2018-11-13,1.3674
2018-11-14,1.3613
2018-11-15,1.3854
2018-11-16,1.3938
2018-11-19,1.3943
2018-11-20,1.3573
2018-11-21,1.3604
2018-11-22,1.3604
2018-11-23,1.3027
2018-11-26,1.3052
2018-11-27,1.3119
2018-11-28,1.3313
2018-11-29,1.3044
2018-11-30,1.3116
2018-12-03,1.3534
2018-12-04,1.3587
2018-12-05,1.3498
2018-12-06,1.3206
2018-12-07,1.3209
2018-12-10,1.3046
2018-12-11,1.3186
2018-12-12,1.3156
2018-12-13,1.3352
2018-12-14,1.3063
2018-12-17,1.2993
2018-12-18,1.2898
2018-12-19,1.271
2018-12-20,1.2788
2018-12-21,1.2721
2018-12-24,1.283
2018-12-25,1.2662
2018-12-26,1.2617
2018-12-27,1.246
2018-12-28,1.2477
2019-01-02,1.236
2019-01-03,1.2329
2019-01-04,1.2665
2019-01-07,1.2884
2019-01-08,1.2856
2019-01-09,1.2847
2019-01-10,1.287
2019-01-11,1.2937
2019-01-14,1.287
2019-01-15,1.3049
2019-01-16,1.3027
2019-01-17,1.2923
2019-01-18,1.306
2019-01-21,1.3108
2019-01-22,1.2917
2019-01-23,1.2931
2019-01-24,1.3021
2019-01-25,1.2957
2019-01-28,1.2912
2019-01-29,1.2741
2019-01-30,1.2648
2019-01-31,1.2567
2019-02-01,1.2945
2019-02-11,1.3226
2019-02-12,1.3296
2019-02-13,1.354
2019-02-14,1.3596
2019-02-15,1.35
2019-02-18,1.4033
2019-02-19,1.3971
2019-02-20,1.3943
2019-02-21,1.3957
2019-02-22,1.4397
2019-02-25,1.5359
2019-02-26,1.5154
2019-02-27,1.5034
2019-02-28,1.5048
2019-03-01,1.5227
2019-03-04,1.5435
2019-03-05,1.5883
2019-03-06,1.6194
2019-03-07,1.6326
2019-03-08,1.5788
2019-03-11,1.6365
2019-03-12,1.6632
2019-03-13,1.6239
2019-03-14,1.5861
2019-03-15,1.6035
2019-03-18,1.6548
2019-03-19,1.6517
2019-03-20,1.652
2019-03-21,1.6702
2019-03-22,1.6881
2019-03-25,1.6637
2019-03-26,1.6138
2019-03-27,1.6337
2019-03-28,1.6107
2019-03-29,1.6657
2019-04-01,1.7316
2019-04-02,1.7302
2019-04-03,1.7503
2019-04-04,1.7663
2019-04-08,1.7464
2019-04-09,1.754
2019-04-10,1.7498
2019-04-11,1.7201
2019-04-12,1.7156
2019-04-15,1.6929
2019-04-16,1.733
2019-04-17,1.7361
2019-04-18,1.7302
2019-04-19,1.745
2019-04-22,1.7164
2019-04-23,1.6842
2019-04-24,1.7007
2019-04-25,1.6402
2019-04-26,1.625
2019-04-29,1.585
2019-04-30,1.59
2019-05-06,1.4728
2019-05-07,1.4857
2019-05-08,1.4793
2019-05-09,1.4686
2019-05-10,1.5182
2019-05-13,1.4961
2019-05-14,1.4902
2019-05-15,1.5199
2019-05-16,1.5337
2019-05-17,1.4857
2019-05-20,1.4745
2019-05-21,1.4992
2019-05-22,1.4944
2019-05-23,1.4655
2019-05-24,1.4574
2019-05-27,1.4891
2019-05-28,1.486
2019-05-29,1.4866
2019-05-30,1.4821
2019-05-31,1.4748
2019-06-03,1.4633
2019-06-04,1.4437
2019-06-05,1.4386
2019-06-06,1.4064
2019-06-10,1.4212
2019-06-11,1.4801
2019-06-12,1.4644
2019-06-13,1.4692
2019-06-14,1.447
2019-06-17,1.4465
2019-06-18,1.4431
2019-06-19,1.4616
2019-06-20,1.4922
2019-06-21,1.5115
2019-06-24,1.5112
2019-06-25,1.4964
2019-06-26,1.4961
2019-06-27,1.509
2019-06-28,1.4947
2019-07-01,1.5359
2019-07-02,1.5306
2019-07-03,1.5219
2019-07-04,1.5154
2019-07-05,1.523
2019-07-08,1.4692
2019-07-09,1.4709
2019-07-10,1.4625
2019-07-11,1.463
2019-07-12,1.4697
2019-07-15,1.486
2019-07-16,1.4896
2019-07-17,1.4868
2019-07-18,1.4658
2019-07-19,1.4748
2019-07-22,1.4468
2019-07-23,1.4574
2019-07-24,1.4711
2019-07-25,1.4782
2019-07-26,1.4815
2019-07-29,1.4801
2019-07-30,1.4888
2019-07-31,1.4852
2019-08-01,1.4748
2019-08-02,1.4549
2019-08-05,1.4392
2019-08-06,1.4053
2019-08-07,1.3991
2019-08-08,1.407
2019-08-09,1.3938
2019-08-12,1.419
2019-08-13,1.4098
2019-08-14,1.4162
2019-08-15,1.4229
2019-08-16,1.4271
2019-08-19,1.4798
2019-08-20,1.4737
2019-08-21,1.4762
2019-08-22,1.4779
2019-08-23,1.4787
2019-08-26,1.4683
2019-08-27,1.4902
2019-08-28,1.4896
2019-08-29,1.4939
2019-08-30,1.4815
2019-09-02,1.516
2019-09-03,1.5244
2019-09-04,1.5471
2019-09-05,1.5569
2019-09-06,1.5614
2019-09-09,1.5911
2019-09-10,1.5897
2019-09-11,1.5833
2019-09-12,1.5875
2019-09-16,1.588
2019-09-17,1.555
2019-09-18,1.5561
2019-09-19,1.5701
2019-09-20,1.5726
2019-09-23,1.5662
2019-09-24,1.5667
2019-09-25,1.5421
2019-09-26,1.507
2019-09-27,1.514
2019-09-30,1.4927
2019-10-08,1.4961
2019-10-09,1.5093
2019-10-10,1.5258
2019-10-11,1.5337
2019-10-14,1.551
2019-10-15,1.5323
2019-10-16,1.5233
2019-10-17,1.5236
2019-10-18,1.5025
2019-10-21,1.4997
2019-10-22,1.5138
2019-10-23,1.5048
2019-10-24,1.502
2019-10-25,1.5146
2019-10-28,1.5353
2019-10-29,1.5166
2019-10-30,1.4978
2019-10-31,1.4899
2019-11-01,1.5042
2019-11-04,1.5084
2019-11-05,1.5196
2019-11-06,1.5065
2019-11-07,1.5163
2019-11-08,1.5107
2019-11-11,1.4759
2019-11-12,1.4768
2019-11-13,1.4768
2019-11-14,1.4854
2019-11-15,1.4765
2019-11-18,1.4818
2019-11-19,1.5056
2019-11-20,1.4961
2019-11-21,1.4983
2019-11-22,1.4829
2019-11-25,1.484
2019-11-26,1.479
2019-11-27,1.4857
2019-11-28,1.4829
2019-11-29,1.4829
2019-12-02,1.4877
2019-12-03,1.4941
2019-12-04,1.491
2019-12-05,1.5051
2019-12-06,1.5196
2019-12-09,1.523
2019-12-10,1.53
2019-12-11,1.5241
2019-12-12,1.521
2019-12-13,1.5418
2019-12-16,1.5662
2019-12-17,1.5908
2019-12-18,1.5894
2019-12-19,1.5934
2019-12-20,1.5777
2019-12-23,1.5415
2019-12-24,1.5648
2019-12-25,1.5718
2019-12-26,1.5836
2019-12-27,1.5709
2019-12-30,1.5928
2019-12-31,1.5993
2020-01-02,1.6295
2020-01-03,1.6326
2020-01-06,1.6511
2020-01-07,1.6724
2020-01-08,1.6492
2020-01-09,1.6699
2020-01-10,1.6629
2020-01-13,1.6906
2020-01-14,1.6834
2020-01-15,1.6783
2020-01-16,1.6805
2020-01-17,1.671
2020-01-20,1.699
2020-01-21,1.6791
2020-01-22,1.692
2020-01-23,1.629
2020-02-03,1.4967
2020-02-04,1.5219
2020-02-05,1.5547
2020-02-06,1.6009
2020-02-07,1.6164
2020-02-10,1.6321
2020-02-11,1.6248
2020-02-12,1.6578
2020-02-13,1.643
2020-02-14,1.6449
2020-02-17,1.7007
2020-02-18,1.7145
2020-02-19,1.7007
2020-02-20,1.7327
2020-02-21,1.7602
2020-02-24,1.7764
2020-02-25,1.7882
2020-02-26,1.7428
2020-02-27,1.7422
2020-02-28,1.6556
2020-03-02,1.7161
2020-03-03,1.7279
2020-03-04,1.7335
2020-03-05,1.7557
2020-03-06,1.7456
2020-03-09,1.6811
2020-03-10,1.7184
2020-03-11,1.6932
2020-03-12,1.6713
2020-03-13,1.6592
2020-03-16,1.5788
2020-03-17,1.5819
2020-03-18,1.558
2020-03-19,1.5721
2020-03-20,1.5836
2020-03-23,1.5202
2020-03-24,1.5418
2020-03-25,1.5791
2020-03-26,1.5639
2020-03-27,1.5572
2020-03-30,1.5272
2020-03-31,1.5272
2020-04-01,1.5216
2020-04-02,1.5667
2020-04-03,1.548
2020-04-07,1.5939
2020-04-08,1.5987
2020-04-09,1.6136
2020-04-10,1.5844
2020-04-13,1.5681
2020-04-14,1.6018
2020-04-15,1.5987
2020-04-16,1.6113
2020-04-17,1.6133
2020-04-20,1.6307
2020-04-21,1.6203
2020-04-22,1.6354
2020-04-23,1.627
2020-04-24,1.6029
2020-04-27,1.5973
2020-04-28,1.585
2020-04-29,1.588
2020-04-30,1.6278
2020-05-06,1.6531
2020-05-07,1.6511
2020-05-08,1.6721
2020-05-11,1.6657
2020-05-12,1.6699
2020-05-13,1.6786
2020-05-14,1.6699
2020-05-15,1.673
2020-05-18,1.6643
2020-05-19,1.6831
2020-05-20,1.6699
2020-05-21,1.65
2020-05-22,1.6217
2020-05-25,1.615
2020-05-26,1.6452
2020-05-27,1.6349
2020-05-28,1.6304
2020-05-29,1.6438
2020-06-01,1.699
2020-06-02,1.6974
2020-06-03,1.6946
2020-06-04,1.6976
2020-06-05,1.7016
2020-06-08,1.6979
2020-06-09,1.708
2020-06-10,1.7103
2020-06-11,1.7072
2020-06-12,1.7075
2020-06-15,1.7055
2020-06-16,1.7363
2020-06-17,1.7503
2020-06-18,1.7548
2020-06-19,1.7677
2020-06-22,1.7666
2020-06-23,1.7745
2020-06-24,1.7747
2020-06-29,1.7669
2020-06-30,1.793
2020-07-01,1.8008
2020-07-02,1.833
2020-07-03,1.8574
2020-07-06,1.9457
2020-07-07,1.9651
2020-07-08,2.0043
2020-07-09,2.0579
2020-07-10,2.0548
2020-07-13,2.1201
2020-07-14,2.0921
2020-07-15,2.0483
2020-07-16,1.946
2020-07-17,1.9474
2020-07-20,2.0046
2020-07-21,2.0158
2020-07-22,2.0354
2020-07-23,2.0332
2020-07-24,1.9368
2020-07-27,1.9356
2020-07-28,1.9555
2020-07-29,2.0111
2020-07-30,2.004
2020-07-31,2.0251
2020-08-03,2.0738
2020-08-04,2.0615
2020-08-05,2.0811
2020-08-06,2.0865
2020-08-07,2.0604
2020-08-10,2.0702
2020-08-11,2.0329
2020-08-12,2.0071
2020-08-13,2.0164
2020-08-14,2.045
2020-08-17,2.0741
2020-08-18,2.089
2020-08-19,2.0537
2020-08-20,2.0335
2020-08-21,2.0455
2020-08-24,2.0565
2020-08-25,2.0461
2020-08-26,2.0116
2020-08-27,2.0296
2020-08-28,2.064
2020-08-31,2.0537
2020-09-01,2.0682
2020-09-02,2.0668
2020-09-03,2.0556
2020-09-04,2.0416
2020-09-07,1.999
2020-09-08,2.0116
2020-09-09,1.9614
2020-09-10,1.9278
2020-09-11,1.9441
2020-09-14,1.9589
2020-09-15,1.9668
2020-09-16,1.9606
2020-09-17,1.9648
2020-09-18,2.0004
2020-09-21,1.9861
2020-09-22,1.9614
2020-09-23,1.971
2020-09-24,1.9328
2020-09-25,1.927
2020-09-28,1.909
2020-09-29,1.923
2020-09-30,1.9099
2020-10-09,1.9595
2020-10-12,2.0195
2020-10-13,2.02
2020-10-14,2.0111
2020-10-15,1.9959
2020-10-16,1.985
2020-10-19,1.9656
2020-10-20,1.9819
2020-10-21,1.9656
2020-10-22,1.9533
2020-10-23,1.9213
2020-10-26,1.9197
2020-10-27,1.9191
2020-10-28,1.9303
2020-10-29,1.9331
2020-10-30,1.8894
2020-11-02,1.8961
2020-11-03,1.9258
2020-11-04,1.9256
2020-11-05,1.9637
2020-11-06,1.9491
2020-11-09,1.9811
2020-11-10,1.9676
2020-11-11,1.9438
2020-11-12,1.9502
2020-11-13,1.9508
2020-11-16,1.9732
2020-11-17,1.96
2020-11-18,1.9584
2020-11-19,1.9693
2020-11-20,1.9858
2020-11-23,2.0007
2020-11-24,2.0001
2020-11-25,1.9682
2020-11-26,1.9623
2020-11-27,1.9704
2020-11-30,1.9558
2020-12-01,1.9872
2020-12-02,1.9889
2020-12-03,1.9956
2020-12-04,2.0029
2020-12-07,1.9883
2020-12-08,1.9858
2020-12-09,1.955
2020-12-10,1.9584
2020-12-11,1.9264
2020-12-14,1.9407
2020-12-15,1.9427
2020-12-16,1.9354
2020-12-17,1.9589
2020-12-18,1.9522
2020-12-21,1.9833
2020-12-22,1.9452
2020-12-23,1.9555
2020-12-24,1.9309
2020-12-25,1.9491
2020-12-28,1.937
2020-12-29,1.9286
2020-12-30,1.9446
2020-12-31,1.9743
2021-01-04,2.008
2021-01-05,2.0256
2021-01-06,2.0234
2021-01-07,2.0318
2021-01-08,2.0368
2021-01-11,2.0054
2021-01-12,2.0301
2021-01-13,2.0172
2021-01-14,2.0029
2021-01-15,1.9956
2021-01-18,2.0197
2021-01-19,2.0088
2021-01-20,2.027
2021-01-21,2.0556
2021-01-22,2.0584
2021-01-25,2.0618
2021-01-26,2.0304
2021-01-27,2.0354
2021-01-28,1.997
2021-01-29,1.969
2021-02-01,1.9827
2021-02-02,2.0015
2021-02-03,1.9897
2021-02-04,1.9682
2021-02-05,1.9387
2021-02-08,1.962
2021-02-09,2.0018
2021-02-10,2.0245
2021-02-18,2.0545
2021-02-19,2.0839
2021-02-22,2.0646
2021-02-23,2.059
2021-02-24,2.0326
2021-02-25,2.0225
2021-02-26,1.978
2021-03-01,2.013
2021-03-02,1.9973
2021-03-03,2.0239
2021-03-04,1.9897
2021-03-05,1.9928
2021-03-08,1.9452
2021-03-09,1.9014
2021-03-10,1.8815
2021-03-11,1.932
2021-03-12,1.9334
2021-03-15,1.9208
2021-03-16,1.9216
2021-03-17,1.9328
2021-03-18,1.9471
2021-03-19,1.9312
2021-03-22,1.9561
2021-03-23,1.9337
2021-03-24,1.9127
2021-03-25,1.9171
2021-03-26,1.9421
2021-03-29,1.9421
2021-03-30,1.9491
2021-03-31,1.9463
2021-04-01,1.9598
2021-04-02,1.9642
2021-04-06,1.9682
2021-04-07,1.9712
2021-04-08,1.9771
2021-04-09,1.9704
2021-04-12,1.9384
2021-04-13,1.9323
2021-04-14,1.9499
2021-04-15,1.9519
2021-04-16,1.9763
2021-04-19,1.9965
2021-04-20,2.0004
2021-04-21,1.9951
2021-04-22,2.0024
2021-04-23,2.0122
2021-04-26,2.0038
2021-04-27,2.0032
2021-04-28,2.0178
2021-04-29,2.0183
2021-04-30,2.0214
2021-05-06,2.015
2021-05-07,2.0063
2021-05-10,2.0125
2021-05-11,2.0068
2021-05-12,2.029
2021-05-13,2.0066
2021-05-14,2.0377
2021-05-17,2.0481
2021-05-18,2.0537
2021-05-19,2.0503
2021-05-20,2.0427
2021-05-21,2.0349
2021-05-24,2.0408
2021-05-25,2.0626
2021-05-26,2.0657
2021-05-27,2.0828
2021-05-28,2.082
2021-05-31,2.0966
2021-06-01,2.0999
2021-06-02,2.087
2021-06-03,2.0828
2021-06-04,2.0926
2021-06-07,2.0982
2021-06-08,2.0907
2021-06-09,2.0887
2021-06-10,2.1153
2021-06-11,2.105
2021-06-15,2.0795
2021-06-16,2.0542
2021-06-17,2.0668
2021-06-18,2.0876
2021-06-21,2.0957
2021-06-22,2.108
2021-06-23,2.1251
2021-06-24,2.1176
2021-06-25,2.1344
2021-06-28,2.1358
2021-06-29,2.1195
2021-06-30,2.1299
2021-07-01,2.1061
